,Name,Rank,Category,Followers,Audience Country,Authentic Engagement,Engagement Avg.
0,cristiano,1,Sports with a ball,462900000.0,India,5500000.0,6600000.0
1,leomessi,2,Sports with a ballFamily,347200000.0,Argentina,3600000.0,4800000.0
2,kendalljenner,3,ModelingFashion,247600000.0,United States,3000000.0,4900000.0
3,arianagrande,4,Music,321400000.0,United States,2400000.0,3400000.0
4,zendaya,5,Cinema & Actors/actressesFashion,147000000.0,United States,4300000.0,5800000.0
5,kimkardashian,6,FashionBeauty,323600000.0,United States,1700000.0,2500000.0
6,taylorswift,7,Music,218200000.0,Brazil,2400000.0,3200000.0
7,kyliejenner,8,FashionModelingBeauty,357000000.0,United States,1200000.0,1900000.0
8,selenagomez,9,MusicLifestyle,334900000.0,United States,1400000.0,1900000.0
9,thv,10,,46300000.0,United States,13300000.0,13300000.0
10,lalalalisa_m,11,Music,79900000.0,Indonesia,6300000.0,7300000.0
11,jennierubyjane,12,Music,68200000.0,Indonesia,7000000.0,8300000.000000001
12,virat.kohli,13,Sports with a ball,206900000.0,India,2100000.0,2400000.0
13,tomholland2013,14,Cinema & Actors/actresses,67600000.0,United States,5700000.0,7000000.0
14,j.m,15,,38100000.0,,11800000.0,11800000.0
15,agustd,16,Lifestyle,36500000.0,,10400000.0,10400000.0
16,jin,17,,37400000.0,United States,9900000.0,9900000.0
17,beyonce,18,MusicFashion,267399999.99999997,United States,949900.0,1300000.0
18,khloekardashian,19,Clothing & OutfitsLifestyle,260399999.99999997,United States,1100000.0,1400000.0
19,sooyaaa__,20,MusicBeauty,62100000.0,Indonesia,4900000.0,5600000.0
20,billieeilish,21,Music,104300000.0,United States,2400000.0,3100000.0
21,neymarjr,22,Sports with a ball,176200000.0,Brazil,1300000.0,1800000.0
22,khaby00,23,Sports with a ball,78600000.0,India,2800000.0,3900000.0
23,justinbieber,24,Music,245900000.0,India,798500.0,1200000.0
24,roses_are_rosie,25,Music,61000000.0,Indonesia,4000000.0,4600000.0
25,uarmyhope,26,Art/ArtistsCinema & Actors/actressesMusic,37400000.0,South Korea,6900000.0,6900000.0
26,badbunnypr,27,Music,41400000.0,United States,3900000.0,6000000.0
27,nickiminaj,28,Music,197800000.0,United States,744200.0,1200000.0
28,instagram,29,Photography,528400000.0,India,339600.0,434300.0
29,jungkook.97,30,Music,43000000.0,,5200000.0,5200000.0
30,bts.bighitofficial,31,Music,66000000.0,Indonesia,3000000.0,3300000.0
31,iamcardib,32,MusicFashion,137300000.0,United States,1100000.0,1500000.0
32,kourtneykardash,33,Lifestyle,189000000.0,United States,739800.0,1100000.0
33,karolg,34,Music,54500000.0,Mexico,3000000.0,3700000.0
34,zayn,35,Music,46200000.0,India,2700000.0,4300000.0
35,rkive,36,Lifestyle,36000000.0,,5400000.0,5400000.0
36,milliebobbybrown,37,Cinema & Actors/actresses,53200000.0,Brazil,2800000.0,3500000.0
37,gigihadid,38,ModelingLifestyle,74900000.0,United States,1600000.0,2400000.0
38,jlo,39,MusicCinema & Actors/actresses,217500000.0,United States,585700.0,743200.0
39,kingjames,40,Sports with a ball,127400000.0,United States,741700.0,1300000.0
40,therock,41,Cinema & Actors/actressesFitness & Gym,327300000.0,India,373200.0,479800.0
41,adele,42,Music,50600000.0,United States,2200000.0,3100000.0
42,georginagio,43,LifestyleFashionClothing & Outfits,39000000.0,India,2700000.0,3800000.0
43,champagnepapi,44,Music,116600000.0,United States,753600.0,1200000.0
44,katrinakaif,45,Beauty,65599999.99999999,India,1900000.0,2200000.0
45,harrystyles,46,MusicFashion,46300000.0,United States,2100000.0,2900000.0
46,mileycyrus,47,Music,178200000.0,United States,557800.0,757200.0
47,eunwo.o_c,48,MusicLifestyle,29200000.0,Indonesia,3600000.0,4500000.0
48,travisscott,49,Music,45800000.0,United States,1700000.0,2500000.0
49,ester_exposito,50,Cinema & Actors/actresses,29400000.0,Russia,2600000.0,3800000.0
50,robertdowneyjr,51,Cinema & Actors/actresses,53200000.0,India,1600000.0,2000000.0
51,dlwlrma,52,Art/Artists,27000000.0,South Korea,3000000.0,3500000.0
52,actorleeminho,53,Cinema & Actors/actresses,30100000.0,Indonesia,2400000.0,3100000.0
53,narendramodi,54,Finance & EconomicsBusiness & Careers,68200000.0,India,1200000.0,1300000.0
54,shawnmendes,55,Music,69400000.0,Brazil,838000.0,1200000.0
55,k.mbappe,56,Sports with a ball,72400000.0,France,806500.0,1100000.0
56,johnnydepp,57,Cinema & Actors/actressesMusic,26600000.0,India,2400000.0,3100000.0
57,aliaabhatt,58,Cinema & Actors/actresses,67200000.0,India,979600.0,1200000.0
58,oliviarodrigo,59,MusicCinema & Actors/actresses,27100000.0,India,2300000.0,2900000.0
59,anushkasharma,60,Cinema & Actors/actresses,59300000.0,India,1200000.0,1300000.0
60,dualipa,61,Music,85100000.0,Mexico,729100.0,879100.0
61,dovecameron,62,Cinema & Actors/actresses,48100000.0,United States,1200000.0,1500000.0
62,camila_cabello,63,Music,64400000.00000001,Brazil,845400.0,1100000.0
63,noahschnapp,64,Cinema & Actors/actresses,24700000.0,Brazil,2300000.0,2900000.0
64,danbilzerian,65,Cinema & Actors/actresses,32900000.0,India,1300000.0,2200000.0
65,charlidamelio,66,LifestyleShows,48900000.0,United States,1200000.0,1400000.0
66,dojacat,67,Music,24200000.0,United States,2000000.0,2700000.0
67,chrishemsworth,68,Cinema & Actors/actresses,55100000.0,India,869200.0,1100000.0
68,kimberly.loaiza,69,Clothing & OutfitsLifestyle,35200000.0,Mexico,1400000.0,1700000.0
69,lelepons,70,Music,49000000.0,Mexico,763500.0,1200000.0
70,iamzlatanibrahimovic,71,Sports with a ball,54600000.0,Italy,682100.0,1100000.0
71,mosalah,72,Sports with a ball,51900000.0,Egypt,753400.0,1100000.0
72,bn_sj2013,73,Cinema & Actors/actressesModelingLifestyle,22200000.0,Indonesia,2100000.0,2500000.0
73,jongsuk0206,74,Cinema & Actors/actresses,23000000.0,Indonesia,1800000.0,2400000.0
74,handemiyy,75,Cinema & Actors/actresses,28500000.0,Turkey,1400000.0,1900000.0
75,niallhoran,76,Music,30200000.0,United States,1200000.0,1800000.0
76,paulodybala,77,Sports with a ball,47700000.0,Argentina,684300.0,1100000.0
77,gal_gadot,78,Cinema & Actors/actresses,83800000.0,United States,468300.0,605900.0
78,oohsehun,79,Music,23300000.0,Indonesia,1700000.0,2100000.0
79,realmadrid,80,Sports with a ball,121800000.0,Spain,289500.0,396500.0
80,sadiesink_,81,ModelingLifestyleBeauty,21600000.0,Brazil,1500000.0,2200000.0
81,lilireinhart,82,Cinema & Actors/actresses,29000000.0,Brazil,1100000.0,1600000.0
82,chrisbrownofficial,83,Music,115100000.0,United States,267000.0,414500.0
83,fcbarcelona,84,Sports with a ball,110000000.0,Indonesia,281600.0,424100.0
84,iamsrk,85,Cinema & Actors/actresses,30000000.0,India,1200000.0,1600000.0
85,ddlovato,86,Music,136300000.0,United States,264500.0,338100.0
86,rashmika_mandanna,87,BeautyArt/ArtistsCinema & Actors/actresses,32299999.999999996,India,1200000.0,1400000.0
87,dishapatani,88,Cinema & Actors/actressesLifestyle,52100000.0,India,696000.0,855200.0
88,songkang_b,89,LifestyleMusic,14400000.0,Mexico,2200000.0,3100000.0
89,bellahadid,90,Modeling,53200000.0,United States,499700.0,798400.0
90,jacksonwang852g7,91,Music,28900000.0,China,1200000.0,1500000.0
91,deepikapadukone,92,Cinema & Actors/actresses,67800000.0,India,468700.0,611000.0
92,dannapaola,93,Music,34500000.0,Mexico,828300.0,1200000.0
93,blackpinkofficial,94,Music,47700000.0,Indonesia,700100.0,853000.0
94,haileybieber,95,LifestyleModeling,45900000.0,United States,655900.0,880400.0
95,karimbenzema,96,Sports with a ball,55900000.0,France,502400.0,724000.0
96,zacefron,97,Cinema & Actors/actresses,53900000.0,United States,514900.0,747100.0
97,antonelaroccuzzo,98,ModelingFamily,20000000.0,Argentina,1200000.0,2000000.0
98,realstraykids,99,Music,21900000.0,Indonesia,1500000.0,1800000.0
99,nasa,100,SciencePhotography,78600000.0,India,412200.0,496700.0
100,nasa,101,SciencePhotography,78600000.0,India,412200.0,496700.0
101,yawnzzn,102,,9600000.0,India,3200000.0,4099999.9999999995
102,chrisevans,103,,17000000.0,United States,1900000.0,2300000.0
103,twicetagram,104,MusicModeling,26100000.0,Indonesia,1200000.0,1500000.0
104,priyankachopra,105,Cinema & Actors/actresses,80200000.0,India,390300.0,471900.0
105,ursulolita,106,Cinema & Actors/actressesModeling,24100000.0,Brazil,1100000.0,1600000.0
106,jenniferaniston,107,Cinema & Actors/actresses,40700000.0,Brazil,628000.0,911900.0
107,hi_high_hiy,108,Cinema & Actors/actresses,14300000.0,South Korea,2200000.0,2600000.0
108,addisonraee,109,Beauty,40400000.0,United States,579200.0,892300.0
109,nike,110,Fitness & GymShopping & RetailClothing & Outfits,227600000.0,United States,123500.0,158400.0
110,finnwolfhardofficial,111,MusicCinema & Actors/actresses,24600000.0,Brazil,1100000.0,1400000.0
111,samantharuthprabhuoffl,112,BeautyModelingCinema & Actors/actresses,24200000.0,India,1200000.0,1400000.0
112,madelame,113,Cinema & Actors/actresses,25400000.0,Russia,965600.0,1400000.0
113,miakhalifa,114,Fitness & GymLifestyle,27800000.0,India,769700.0,1200000.0
114,jannatzubair29,115,Cinema & Actors/actresses,43300000.0,India,635300.0,772100.0
115,katyperry,116,Music,167200000.0,Brazil,156300.0,200400.0
116,meganfox,117,Cinema & Actors/actresses,20400000.0,United States,973900.0,1600000.0
117,vindiesel,118,Cinema & Actors/actresses,81700000.0,Brazil,309800.0,403900.0
118,kapilsharma,119,Cinema & Actors/actressesShows,42000000.0,India,683800.0,780700.0
119,camimendes,120,Cinema & Actors/actresses,27100000.0,Brazil,861500.0,1200000.0
120,akshaykumar,121,Cinema & Actors/actresses,62600000.0,India,428100.0,511500.0
121,tyga,122,Music,35400000.0,United States,604100.0,904100.0
122,_jeongjaehyun,123,,12100000.0,Indonesia,2100000.0,2700000.0
123,ladygaga,124,MusicCinema & Actors/actresses,53100000.0,United States,426500.0,598800.0
124,kritisanon,125,Modeling,49700000.0,India,538600.0,626900.0
125,hoooooyeony,126,Lifestyle,23400000.0,South Korea,1000000.0,1300000.0
126,mrbeast,127,ShowsHumor & Fun & Happiness,19000000.0,United States,1200000.0,1600000.0
127,rosalia.vt,128,Music,20900000.0,Spain,1100000.0,1500000.0
128,shakira,129,Music,75600000.0,India,294000.0,400300.0
129,pewdiepie,130,Computers & Gadgets,21900000.0,United States,1100000.0,1400000.0
130,hrithikroshan,131,Cinema & Actors/actresses,43500000.0,India,540900.0,684000.0
131,madelyncline,132,Cinema & Actors/actresses,12600000.0,United States,1600000.0,2400000.0
132,hazardeden_10,133,Sports with a ball,27000000.0,Spain,680800.0,1100000.0
133,shraddhakapoor,134,Cinema & Actors/actresses,73400000.0,India,349000.0,403700.0
134,vinijr,135,Sports with a ball,21300000.0,Brazil,806700.0,1400000.0
135,emrata,136,Modeling,29500000.0,United States,606100.0,967700.0
136,lanarhoades,137,LifestyleModeling,16800000.0,United States,1000000.0,1700000.0
137,britneyspears,138,Music,41600000.0,United States,494600.0,685600.0
138,maluma,139,Music,62700000.0,Italy,294200.0,452100.0
139,beingsalmankhan,140,Cinema & Actors/actressesArt/Artists,53000000.0,India,417300.0,534900.0
140,luisitocomunica,141,Humor & Fun & HappinessClothing & Outfits,32299999.999999996,Mexico,643500.0,852100.0
141,natgeo,142,Nature & landscapesSciencePhotography,232200000.0,United States,91400.0,117800.0
142,madisonbeer,143,Music,31800000.0,United States,571300.0,852400.0
143,jacquelinef143,144,Cinema & Actors/actresses,62200000.0,India,347800.0,424300.0
144,garethbale11,145,Sports with a ball,47800000.0,Spain,342300.0,538600.0
145,norafatehi,146,Cinema & Actors/actressesMusicShows,41200000.0,India,507000.0,625700.0
146,sabrinacarpenter,147,Music,27400000.0,Brazil,756600.0,928800.0
147,marcelotwelve,148,Sports with a ball,57200000.0,Spain,300900.0,446200.0
148,rohittt_09_,149,ShowsLifestyle,23600000.0,India,753100.0,1100000.0
149,jasonstatham,150,Cinema & Actors/actresses,30700000.0,Iran,549900.0,811900.0
150,thedeverakonda,151,Cinema & Actors/actresses,16000000.0,India,1300000.0,1600000.0
151,theestallion,152,Music,29100000.0,United States,486600.0,850200.0
152,theweeknd,153,Music,40300000.0,United States,446600.0,607000.0
153,shahidkapoor,154,Cinema & Actors/actresses,35300000.0,India,608700.0,688500.0
154,elrubiuswtf,155,Computers & Gadgets,17000000.0,Mexico,1300000.0,1400000.0
155,annehathaway,156,Cinema & Actors/actresses,24400000.0,United States,737600.0,972300.0
156,sydney_sweeney,157,LifestyleCinema & Actors/actresses,13600000.0,United States,923900.0,1700000.0
157,erling.haaland,158,LifestyleSports with a ball,17100000.0,Brazil,909800.0,1400000.0
158,lewishamilton,159,Racing Sports,29000000.0,Brazil,553700.0,793700.0
159,hegdepooja,160,Cinema & Actors/actresses,20700000.0,India,961100.0,1100000.0
160,luissuarez9,161,Sports with a ball,44100000.0,Brazil,347400.0,520799.99999999994
161,championsleague,162,Sports with a ball,95700000.0,Brazil,175800.0,237700.0
162,433,163,Sports with a ball,50800000.0,Spain,266700.0,441300.0
163,eminem,164,Cinema & Actors/actressesMusic,36200000.0,Iran,481300.0,621400.0
164,rohitsharma45,165,Sports with a ballLifestyle,24400000.0,India,810300.0,914300.0
165,zkdlin,166,Music,14100000.0,Indonesia,1300000.0,1600000.0
166,sidhu_moosewala,167,,10800000.0,India,1700000.0,2100000.0
167,jichangwook,168,Cinema & Actors/actresses,20600000.0,Indonesia,836500.0,1100000.0
168,jamesrodriguez10,169,Sports with a ball,49800000.0,Colombia,286100.0,436900.0
169,na.jaemin0813,170,,9800000.0,Indonesia,1800000.0,2300000.0
170,greeicy,171,ShowsCinema & Actors/actresses,21200000.0,Colombia,753500.0,1000000.0
171,emmachamberlain,172,LifestyleShows,15900000.0,United States,873500.0,1300000.0
172,evaluna,173,FamilyMusic,20700000.0,Argentina,744100.0,1000000.0
173,henrycavill,174,Cinema & Actors/actresses,21300000.0,Brazil,826500.0,1000000.0
174,carlinhosmaiaof,175,Lifestyle,25800000.0,Brazil,457400.0,837000.0
175,domelipa,176,Lifestyle,18900000.0,Mexico,915500.0,1100000.0
176,saraalikhan95,177,Cinema & Actors/actresses,40700000.0,India,424300.0,518299.99999999994
177,m10_official,178,Sports with a ball,24500000.0,Turkey,617100.0,866600.0
178,cznburak,179,Food & Cooking,37000000.0,Turkey,418500.0,566200.0
179,imhyoseop,180,Lifestyle,8500000.0,Indonesia,2100000.0,2500000.0
180,vancityreynolds,181,Cinema & Actors/actresses,44500000.0,United States,362300.0,467900.0
181,stephencurry30,182,Sports with a ballFamily,44700000.0,United States,344300.0,462100.0
182,strangerthingstv,183,Cinema & Actors/actressesShows,20500000.0,Brazil,727500.0,974000.0
183,justintimberlake,184,MusicArt/ArtistsCinema & Actors/actresses,65500000.0,United States,226500.0,299500.0
184,feliciathegoat,185,Music,13000000.0,United States,911400.0,1500000.0
185,haileesteinfeld,186,Cinema & Actors/actresses,19100000.0,United States,796200.0,1000000.0
186,lukamodric10,187,Sports with a ball,24300000.0,Spain,537800.0,787400.0
187,renebaebae,188,LifestyleModeling,10700000.0,Indonesia,1500000.0,1800000.0
188,do0_nct,189,Lifestyle,10300000.0,Indonesia,1400000.0,1800000.0
189,paulpogba,190,Sports with a ball,54700000.0,Brazil,190800.0,339500.0
190,heybiblee,191,Modeling,14400000.0,Indonesia,926600.0,1300000.0
191,sergioramos,192,Sports with a ball,52300000.0,Spain,222100.0,343000.0
192,nattinatasha,193,MusicCinema & Actors/actresses,35900000.0,Mexico,417900.0,502200.0
193,thinkaboutzu,194,,6600000.0,United States,0.0,2800000.0
194,awez_darbar,195,ShowsHumor & Fun & Happiness,21400000.0,India,694600.0,831400.0
195,bizarrap,196,Music,13500000.0,Argentina,1100000.0,1300000.0
196,nina,197,Cinema & Actors/actresses,25700000.0,Brazil,479900.0,687600.0
197,leedongwook_official,198,Cinema & Actors/actresses,14600000.0,Indonesia,904600.0,1200000.0
198,_imyour_joy,199,Lifestyle,14000000.0,Indonesia,1000000.0,1200000.0
199,bambam1a,200,Music,16600000.000000002,Brazil,840200.0,1100000.0
200,anuel,201,Music,28800000.0,Spain,399200.0,613700.0
201,momo,202,Modeling,6900000.0,Turkey,1700000.0,2600000.0
202,momo,203,,6900000.0,Turkey,1700000.0,2600000.0
203,zidane,204,Sports with a ball,33100000.0,Spain,379800.0,517900.0
204,marshmello,205,,29400000.0,,0.0,579200.0
205,hardikpandya93,206,Sports with a ball,21700000.0,India,625400.0,784100.0
206,sza,207,Music,12300000.0,United States,819700.0,1400000.0
207,zachking,208,ShowsHumor & Fun & Happiness,24700000.0,Indonesia,447000.0,687700.0
208,anitta,209,Music,62900000.0,Brazil,145800.0,269500.0
209,liluzivert,210,Music,16100000.000000002,United States,568500.0,1000000.0
210,kartikaaryan,211,Cinema & Actors/actresses,25500000.0,India,523299.99999999994,651000.0
211,louist91,212,Music,18500000.0,Brazil,658400.0,901100.0
212,nehakakkar,213,Music,70400000.0,India,199600.0,231800.0
213,iamhalsey,214,Music,30100000.0,United States,410000.0,539000.0
214,thenameisyash,215,Cinema & Actors/actresses,10900000.0,India,1300000.0,1500000.0
215,davidbeckham,216,FamilySports with a ball,74500000.0,India,169000.0,217100.0
216,marshmello,217,Music,29400000.0,,0.0,547600.0
217,janhvikapoor,218,LifestyleCinema & Actors/actresses,17700000.0,India,762300.0,910200.0
218,lilbaby,219,Music,19800000.0,United States,442100.0,815800.0
219,onyourm__ark,220,Lifestyle,9000000.0,Indonesia,1400000.0,1800000.0
220,bbrightvc,221,Cinema & Actors/actresses,15500000.0,Indonesia,851200.0,1000000.0
221,serna_amini,222,,9100000.0,Iran,1300000.0,1800000.0
222,riaricis1795,223,Lifestyle,31300000.0,Indonesia,412300.0,504400.0
223,hannahstocking,224,Modeling,22100000.0,United States,493500.0,699800.0
224,iansomerhalder,225,Cinema & Actors/actresses,23100000.0,United States,447000.0,668300.0
225,somsomi0309,226,Music,15100000.0,Indonesia,808800.0,1000000.0
226,mirella,227,Music,27200000.0,Brazil,265400.0,560600.0
227,iamferv,228,LifestyleArt/Artists,10000000.0,Mexico,1100000.0,1500000.0
228,skuukzky,229,Clothing & OutfitsMusic,17900000.0,Indonesia,678700.0,837200.0
229,anushkasen0408,230,Cinema & Actors/actresses,38000000.0,India,336700.0,393200.0
230,kunaguero,231,Sports with a ball,23500000.0,Argentina,363400.0,628400.0
231,psg,232,Sports with a ball,61200000.0,Brazil,143200.0,240500.0
232,mr_faisu_07,233,ModelingCinema & Actors/actresses,27900000.0,India,418700.0,535500.0
233,larasilva,234,ShowsAdult content,17400000.0,Brazil,551200.0,850100.0
234,paulolondra,235,Music,13800000.0,Argentina,678800.0,1100000.0
235,winmetawin,236,Lifestyle,13800000.0,Philippines,938200.0,1100000.0
236,taeoxo_nct,237,Lifestyle,9400000.0,Indonesia,1200000.0,1600000.0
237,tinistoessel,238,Music,18300000.0,Argentina,592300.0,793700.0
238,klrahul,239,Sports with a ball,12900000.0,India,872100.0,1100000.0
239,hero_ft,240,Cinema & Actors/actressesModeling,7600000.0,Brazil,1200000.0,1900000.0
240,johnnyjsuh,241,LifestyleMusic,8700000.0,Indonesia,1300000.0,1600000.0
241,carryminati,242,Computers & GadgetsMachinery & Technologies,15900000.0,India,752500.0,885800.0
242,jessicah_o,243,Music,12100000.0,United States,909200.0,1200000.0
243,samoylovaoxana,244,FamilyLifestyle,15200000.0,Russia,679400.0,923300.0
244,colesprouse,245,Modeling,36000000.0,United States,292100.0,382500.0
245,tigerjackieshroff,246,Cinema & Actors/actresses,35400000.0,India,315200.0,385900.0
246,m.by__sana,247,,6300000.0,United States,0.0,2200000.0
247,holyhaein,248,,10200000.0,Indonesia,1100000.0,1300000.0
248,manurios,249,Shows,11100000.0,Mexico,711700.0,1200000.0
249,mina_sr_my,250,,5600000.0,United States,0.0,2400000.0
250,juandediospantoja,251,MusicArt/ArtistsCinema & Actors/actresses,22300000.0,Mexico,517700.00000000006,591200.0
251,rauwalejandro,252,Music,15000000.0,Spain,605400.0,876000.0
252,luvadepedreiro,253,FamilySports with a ball,15300000.0,Brazil,377500.0,855400.0
253,ronaldinho,254,Sports with a ball,67400000.0,Brazil,108800.0,192300.0
254,avneetkaur_13,255,Cinema & Actors/actresses,32299999.999999996,India,329900.0,402500.0
255,xeesoxee,256,Lifestyle,9300000.0,Indonesia,1100000.0,1400000.0
256,daddyyankee,257,Music,45800000.0,Argentina,204400.0,284400.0
257,iambeckyg,258,Music,32799999.999999996,Mexico,324200.0,389700.0
258,xxxibgdrgn,259,PhotographyFashion,21200000.0,Indonesia,475600.0,602800.0
259,ileana_official,260,Cinema & Actors/actresses,14900000.0,India,702100.0,852800.0
260,taeyeon_ss,261,Music,18700000.0,South Korea,559600.0,681100.0
261,sunnyleone,262,BeautyCinema & Actors/actresses,53100000.0,India,177100.0,238700.0
262,soohyun_k216,263,,13700000.0,Indonesia,753300.0,918100.0
263,keniaos,264,Music,13600000.0,Mexico,712400.0,926900.0
264,maisa,265,Music,44000000.0,Brazil,210600.0,284700.0
265,vickykaushal09,266,Cinema & Actors/actresses,14100000.0,India,752900.0,883900.0
266,riyaz.14,267,LifestyleArt/Artists,27300000.0,India,353400.0,460100.0
267,sachintendulkar,268,Sports with a ballLifestyle,35100000.0,India,289900.0,346500.0
268,layzhang,269,Music,14200000.0,Indonesia,814800.0,865900.0
269,varundvn,270,Cinema & Actors/actresses,43200000.0,India,227700.0,279500.0
270,trippieredd,271,Music,13100000.0,United States,472500.0,926000.0
271,clean_0828,272,Lifestyle,8000000.0,Indonesia,1200000.0,1500000.0
272,nayeonyny,273,,6600000.0,United States,0.0,1900000.0
273,angelrai07,274,Humor & Fun & Happiness,20500000.0,India,487200.0,587500.0
274,chaeyo.0,275,,5800000.0,United States,0.0,2100000.0
275,liampayne,276,Music,24400000.0,United States,350900.0,489800.0
276,lomon991111,277,Lifestyle,5700000.0,,0.0,2100000.0
277,psg,278,Sports with a ball,61200000.0,Brazil,113700.0,191800.0
278,hi_sseulgi,279,Modeling,12500000.0,Indonesia,743900.0,932800.0
279,charlieputh,280,Music,16500000.0,United States,491100.0,697700.0
280,ashishchanchlani,281,Cinema & Actors/actresses,14600000.0,India,638400.0,780400.0
281,iammichelemorroneofficial,282,LifestyleCinema & Actors/actressesMusic,14900000.0,Brazil,534700.0,766600.0
282,_zyozyo,283,,5500000.0,United States,0.0,2100000.0
283,anguscloud,284,LifestyleMusic,8199999.999999999,United States,831000.0,1400000.0
284,shaymitchell,285,BeautyFamilyLifestyle,33800000.0,United States,234100.0,326700.0
285,kiaraaliaadvani,286,Cinema & Actors/actresses,24300000.0,India,400500.0,453700.0
286,krisjenner,287,ShowsBeautyFamily,48900000.0,United States,148300.0,224200.0
287,perrieedwards,288,Modeling,15500000.0,Brazil,452300.0,705700.0
288,yaocabrera,289,Computers & GadgetsBusiness & Careers,14700000.0,Argentina,342300.0,741500.0
289,tenlee_1001,290,Music,9800000.0,Indonesia,877300.0,1100000.0
290,min9yu_k,291,Music,6900000.0,Indonesia,1300000.0,1600000.0
291,alexandradaddario,292,Cinema & Actors/actresses,22600000.0,India,388300.0,475100.0
292,alidaei,293,Sports with a ball,9000000.0,Iran,739500.0,1200000.0
293,gatenm123,294,MusicCinema & Actors/actressesFashion,17000000.0,Brazil,474800.0,626700.0
294,yaocabrera,295,Business & Careers,14300000.0,Argentina,343000.0,743500.0
295,_rl9,296,Sports with a ball,26800000.0,Poland,312500.0,397100.0
296,bighit_ent,297,Music,13000000.0,Indonesia,660300.0,813900.0
297,kimjuncotton,298,Lifestyle,10300000.0,Indonesia,859100.0,1000000.0
298,whinderssonnunes,299,Humor & Fun & Happiness,58600000.0,Brazil,114500.0,179400.0
299,jy_piece,300,,4800000.0,United States,0.0,2200000.0
300,imsebastianstan,301,ShowsCinema & Actors/actresses,9400000.0,United States,933100.0,1100000.0
301,therealcalebmclaughlin,302,Cinema & Actors/actressesLifestyle,14200000.0,United States,493300.0,724200.0
302,nct,303,Music,14400000.0,Indonesia,541400.0,709200.0
303,yuu_taa_1026,304,,8400000.0,Indonesia,950400.0,1200000.0
304,m_kayoung,305,Cinema & Actors/actresses,8300000.000000001,Indonesia,930300.0,1200000.0
305,yellow_3to3,306,LifestyleMusic,5900000.0,Indonesia,1400000.0,1700000.0
306,_mariahwasa,307,,8199999.999999999,Brazil,973800.0,1300000.0
307,rudeth,308,Humor & Fun & Happiness,6500000.0,United States,1000000.0,1600000.0
308,mont.pantoja,309,,12000000.0,Mexico,699700.0,832700.0
309,mariaalice,310,,7300000.0,Brazil,667500.0,1400000.0
310,enhypen,311,Music,10500000.0,Indonesia,678900.0,952400.0
311,realbarbarapalvin,312,ModelingFashion,17900000.0,Russia,412100.0,556000.0
312,marktuan,313,MusicCinema & Actors/actressesModeling,12800000.0,Thailand,590800.0,776300.0
313,maudyayunda,314,Music,16900000.0,Indonesia,394800.0,581300.0
314,bretmanrock,315,Art/ArtistsBeauty,18400000.0,United States,315500.0,531000.0
315,elrodrigocontreras,316,Lifestyle,12900000.0,Mexico,684500.0,754700.0
316,nct127,317,Music,14100000.0,Indonesia,555100.0,685800.0
317,wwiinn_7,318,,7300000.0,Indonesia,1200000.0,1300000.0
318,lizasoberano,319,BeautyCinema & Actors/actressesModeling,17300000.0,Philippines,467400.0,557700.0
319,bellapoarch,320,LifestyleMusic,14100000.0,United States,502100.0,677800.0
320,bhuvan.bam22,321,Cinema & Actors/actresses,14800000.0,India,525400.0,650000.0
321,txt_bighit,322,Family,12500000.0,Indonesia,604800.0,763000.0
322,dahhyunnee,323,,5300000.0,United States,0.0,1800000.0
323,jamescharles,324,Beauty,22900000.0,United States,282800.0,414000.0
324,taehyung.bighitentertainment,325,Management & MarketingMusic,10000000.0,Indonesia,909700.0,960700.0
325,postmalone,326,Music,22400000.0,United States,274800.0,420200.0
326,ssinz7,327,MusicCinema & Actors/actresses,13700000.0,Indonesia,555700.0,683100.0
327,o.dembele7,328,Sports with a ball,10900000.0,Spain,503100.0,862300.0
328,ranveersingh,329,Cinema & Actors/actressesModelingClothing & Outfits,40100000.0,India,179200.0,233400.0
329,jinyoung_0922jy,330,Music,9900000.0,Indonesia,725800.0,959700.0
330,luisasonza,331,MusicLifestyle,29500000.0,Brazil,198700.0,315700.0
331,bellathorne,332,MusicArt/Artists,25400000.0,United States,217300.0,365000.0
332,ksi,333,Music,11600000.0,United Kingdom,565800.0,794000.0
333,kevindebruyne,334,Sports with a ball,18000000.0,United Kingdom,322400.0,499500.0
334,marvel,335,Cinema & Actors/actressesComics & sketchesShows,65400000.00000001,United States,115900.0,136600.0
335,arigameplays,336,,11000000.0,Mexico,669100.0,803900.0
336,fedez,337,Music,14200000.0,Italy,449700.0,622100.0
337,prattprattpratt,338,Cinema & Actors/actresses,37400000.0,United States,180700.0,235100.0
338,itzy.all.in.us,339,Music,17200000.0,Indonesia,414300.0,507300.0
339,lestykejora,340,Music,25700000.0,Indonesia,263000.0,339000.0
340,jbalvin,341,Music,52800000.0,Mexico,125000.0,163600.0
341,kehlani,342,MusicFamily,14000000.0,United States,392300.0,611800.0
342,manchesterunited,343,Sports with a ball,59000000.0,United Kingdom,92300.0,145200.0
343,peytonlist,344,Cinema & Actors/actresses,20200000.0,United States,281800.0,422700.0
344,wi__wi__wi,345,LifestyleMusic,10100000.0,South Korea,691600.0,832200.0
345,dixiedamelio,346,MusicClothing & Outfits,25000000.0,United States,228900.0,335500.0
346,vinniehacker,347,Lifestyle,5800000.0,United States,695700.0,1500000.0
347,madhuridixitnene,348,MusicCinema & Actors/actresses,32000000.0,India,225300.0,259600.00000000003
348,mathildtantot,349,LifestyleModeling,10200000.0,United States,533100.0,807000.0
349,keerthysureshofficial,350,FashionCinema & Actors/actresses,13400000.0,India,539300.0,616300.0
350,ibaillanos,351,Art/Artists,7800000.0,Spain,725400.0,1000000.0
351,easymoneysniper,352,LifestyleSports with a ball,13100000.0,United States,325400.0,610900.0
352,michelleobama,353,Finance & EconomicsBusiness & CareersFamily,50300000.0,United States,144700.0,159800.0
353,ross_lynch,354,MusicCinema & Actors/actresses,10200000.0,United States,392600.0,783800.0
354,attahalilintar,355,Art/ArtistsShows,23900000.0,Indonesia,243200.0,333300.0
355,lizgillz,356,MusicCinema & Actors/actresses,14100000.0,Mexico,389500.0,563700.0
356,cbum,357,Fitness & Gym,9000000.0,United States,542000.0,895000.0
357,hassan_reyvandi,358,Cinema & Actors/actressesHumor & Fun & Happiness,19500000.0,Iran,296500.0,410200.0
358,nicki.nicole,359,Music,12200000.0,Argentina,439000.0,649500.0
359,demirose,360,ModelingLifestyleFashion,19900000.0,United States,305400.0,398200.0
360,natashawilona12,361,Beauty,38900000.0,Indonesia,170100.0,200700.0
361,lexibrookerivera,362,ShowsHumor & Fun & Happiness,8500000.0,United States,765000.0,956800.0
362,thebursin,363,Cinema & Actors/actresses,10700000.0,Russia,567800.0,741700.0
363,imouniroy,364,Cinema & Actors/actresses,23900000.0,India,267800.0,324400.0
364,yasmine_sabri,365,Cinema & Actors/actressesLifestyle,19400000.0,Egypt,286100.0,401700.0
365,kevinhart4real,366,Cinema & Actors/actresses,148800000.0,United States,35500.0,52300.0
366,sidmalhotra,367,Cinema & Actors/actressesModeling,19900000.0,India,311500.0,387100.0
367,sommerray,368,Modeling,26500000.0,United States,184700.0,289800.0
368,brunamarquezine,369,Cinema & Actors/actresses,43100000.0,Brazil,105100.0,181800.0
369,miguel.g.herran,370,Cinema & Actors/actresses,14100000.0,Brazil,362200.0,545500.0
370,louispartridge_,371,Cinema & Actors/actresses,7600000.0,United States,691500.0,1000000.0
371,pubity,372,Humor & Fun & Happiness,31800000.0,United States,166000.0,241700.0
372,taina,373,Music,16000000.0,Brazil,227900.0,475500.0
373,alok,374,MusicArt/Artists,27700000.0,Brazil,215000.0,275500.0
374,camilo,375,Music,27500000.0,Argentina,173600.0,275400.0
375,alwaysramcharan,376,Cinema & Actors/actresses,8100000.0,India,842700.0,944000.0
376,lilyjcollins,377,Cinema & Actors/actresses,27000000.0,United States,186700.0,277600.0
377,lilnasx,378,Music,12500000.0,United States,358900.0,600800.0
378,sportscenter,379,Sports with a ballShows,31300000.0,United States,132900.0,239600.0
379,phil.coutinho,380,Sports with a ball,25000000.0,Brazil,182800.0,297700.0
380,thenotoriousmma,381,Fitness & Gym,45800000.0,United States,110900.0,162900.0
381,ms_puiyi,382,Adult content,18700000.0,United States,309100.0,395800.0
382,mo.on_air,383,,4900000.0,Indonesia,1300000.0,1500000.0
383,nickjonas,384,MusicArt/Artists,32900000.0,United States,155500.0,222300.0
384,hyunah_aa,385,Music,18100000.0,South Korea,339400.0,402900.0
385,todayis_wendy,386,,6900000.0,Indonesia,892200.0,1100000.0
386,weareone.exo,387,Music,10000000.0,Indonesia,579800.0,727900.0
387,lildurk,388,MusicArt/Artists,13900000.0,United States,186200.0,524500.0
388,hunterschafer,389,,7300000.0,United States,606200.0,998200.0
389,sadiomaneofficiel,390,Sports with a ball,11600000.0,United Kingdom,435700.0,621800.0
390,9gag,391,Humor & Fun & Happiness,58200000.0,Indonesia,95700.0,123400.0
391,for_everyoung10,392,Lifestyle,5100000.0,Indonesia,1100000.0,1400000.0
392,caradelevingne,393,ModelingCinema & Actors/actresses,43000000.0,United States,120000.0,166500.0
393,euphoria,394,,7900000.0,United States,566200.0,913700.0
394,saweetie,395,Cinema & Actors/actresses,13200000.0,United States,233700.0,542600.0
395,daquan,396,Humor & Fun & Happiness,16800000.0,United States,272400.0,420300.0
396,i_m_hendery,397,,6200000.0,United States,891400.0,1200000.0
397,darshanravaldz,398,Music,15300000.0,India,384900.0,465200.0
398,jadepicon,399,ModelingFashion,20700000.0,Brazil,160100.0,354700.0
399,barbieferreira,400,LifestyleMusicCinema & Actors/actresses,6300000.0,United States,620000.0,1100000.0
400,i_m_hendery,401,,6200000.0,United States,891400.0,1200000.0
401,darshanravaldz,402,Music,15300000.0,India,384900.0,465200.0
402,kyo1122,403,Cinema & Actors/actresses,13300000.0,Indonesia,411600.0,524400.0
403,barbieferreira,404,LifestyleMusicCinema & Actors/actresses,6300000.0,United States,620000.0,1100000.0
404,rakulpreet,405,Cinema & Actors/actressesModeling,22100000.0,India,267500.0,314500.0
405,leaelui,406,ModelingLifestyle,11600000.0,India,358100.0,602100.0
406,simoneses,407,Music,34800000.0,Brazil,157900.0,200000.0
407,marvelstudios,408,Cinema & Actors/actressesComics & sketches,37400000.0,India,163600.0,183000.0
408,angeldimariajm,409,Sports with a ball,17900000.0,Argentina,259600.00000000003,381900.0
409,juliette,410,Cinema & Actors/actresses,33700000.0,Brazil,130600.0,207700.0
410,mingue.k,411,Shows,5800000.0,Indonesia,990900.0,1200000.0
411,obj,412,Sports with a ball,16200000.0,United States,219000.0,416000.0
412,goar_avetisyan,413,Beauty,11600000.0,Russia,421300.0,583100.0
413,yerimiese,414,Lifestyle,10700000.0,Indonesia,506000.0,627300.0
414,demetozdemir,415,Cinema & Actors/actresses,15300000.0,India,344400.0,439500.0
415,burakozcivit,416,Cinema & Actors/actresses,21600000.0,Turkey,255600.0,309600.0
416,gururandhawa,417,Music,32799999.999999996,India,163900.0,201600.0
417,dntlrdl,418,Lifestyle,6500000.0,Indonesia,791200.0,1000000.0
418,yangyang_x2,419,,6400000.0,Indonesia,833100.0,1100000.0
419,rachel_mypark,420,Cinema & Actors/actresses,10200000.0,Indonesia,519299.99999999994,647000.0
420,parishilton,421,Modeling,19600000.0,United States,202500.0,334200.0
421,jhope_bighitentertainment,422,Lifestyle,7900000.0,Brazil,753300.0,825800.0
422,evcenf,423,LifestyleBeauty,13200000.0,Turkey,389600.0,491500.0
423,iynemliarasbulut,424,Cinema & Actors/actressesLifestyle,10300000.0,Turkey,447900.0,626100.0
424,yejinhand,425,Cinema & Actors/actresses,6900000.0,Indonesia,719200.0,935800.0
425,jin_bighitentertainment,426,Lifestyle,8199999.999999999,Indonesia,685500.0,779500.0
426,thibautcourtois,427,Sports with a ball,10700000.0,Spain,406400.0,589800.0
427,kun11xd,428,Lifestyle,6700000.0,Indonesia,758300.0,947100.0
428,sonamkapoor,429,FashionModeling,33100000.0,India,159500.0,189300.0
429,_shotaroo_,430,LifestyleMusic,5400000.0,Indonesia,907200.0,1200000.0
430,raphaelvarane,431,Sports with a ball,19100000.0,Spain,217300.0,326900.0
431,pugachevmark,432,Cars & MotorbikesLuxury,14100000.0,Russia,300300.0,441000.0
432,shehnaazgill,433,Cinema & Actors/actressesMusic,11600000.0,India,463700.0,586700.0
433,thenewclassic,434,Music,16399999.999999998,United States,234900.0,379800.0
434,vanessahudgens,435,Cinema & Actors/actresses,46400000.0,United States,82000.0,133600.0
435,mariabecerra,436,Music,9800000.0,Argentina,271800.0,641300.0
436,jennaortega,437,Cinema & Actors/actressesLifestyle,8199999.999999999,United States,538900.0,767800.0
437,aron.piper,438,MusicLifestyle,13900000.0,Brazil,235900.0,444800.0
438,_seorina,439,LifestyleCinema & Actors/actresses,6000000.0,South Korea,840100.0,1000000.0
439,teddysphotos,440,Music,39500000.0,United States,113400.0,155200.0
440,larissamanoela,441,Cinema & Actors/actresses,46100000.0,Brazil,80800.0,132800.0
441,paulwesley,442,Cinema & Actors/actresses,12300000.0,Brazil,330900.0,494300.0
442,djxiao_888,443,,6900000.0,Indonesia,720300.0,901000.0
443,parineetichopra,444,Cinema & Actors/actresses,37000000.0,India,141300.0,164400.0
444,romeosantos,445,Music,19200000.0,United States,259700.0,319700.0
445,duki,446,Music,10100000.0,Argentina,390500.0,600800.0
446,conangray,447,Music,6400000.0,Brazil,639600.0,955400.0
447,jessnolimit,448,Shows,7300000.0,Indonesia,698200.0,836500.0
448,k.kbeom,449,,5300000.0,Indonesia,931700.0,1100000.0
449,chiaraferragni,450,Beauty,27500000.0,Italy,129400.0,216300.0
450,nadin_serovski,451,FamilyLifestyle,9400000.0,Russia,471300.0,648700.0
451,adamweitsman,452,Business & Careers,17500000.0,Russia,247000.0,337400.0
452,anupamaparameswaran96,453,Cinema & Actors/actresses,12200000.0,India,421500.0,482200.0
453,superstar_dewasi99,454,MusicCinema & Actors/actresses,12600000.0,India,297100.0,468800.0
454,offsetyrn,455,Music,19900000.0,United States,165600.0,295900.0
455,angeldimariajm,456,Sports with a ball,17700000.0,Argentina,224300.0,331300.0
456,juanpazurita,457,Cinema & Actors/actresses,29800000.0,Mexico,138300.0,196700.0
457,antogriezmann,458,Sports with a ball,36400000.0,Spain,99500.0,160900.0
458,jungkook_bighitentertainment,459,Management & MarketingMusic,9500000.0,Brazil,550700.0,624900.0
459,ana_d_armas,460,Cinema & Actors/actressesLifestyle,7100000.0,United States,616300.0,834000.0
460,dkharbour,461,Cinema & Actors/actresses,8500000.0,United States,531600.0,696700.0
461,ldh_sky,462,,5600000.0,Indonesia,823700.0,1100000.0
462,aboflah,463,Humor & Fun & Happiness,7400000.0,Iraq,690300.0,829000.0
463,polo.capalot,464,MusicLifestyle,10500000.0,United States,335500.0,551700.0
464,zefelipecantor,465,Music,24600000.0,Brazil,134500.0,236500.0
465,yuyacst,466,Modeling,17200000.0,Mexico,218100.0,334700.0
466,fuji_an,467,LifestyleFamily,11800000.0,Indonesia,205400.0,488200.0
467,anahi,468,MusicModeling,9800000.0,Brazil,344700.0,605000.0
468,kingbach,469,MusicArt/ArtistsCinema & Actors/actresses,22700000.0,United States,126400.0,253100.0
469,yoona__lim,470,Cinema & Actors/actresses,13500000.0,Indonesia,352900.0,422900.0
470,gianlucavacchi,471,Lifestyle,22400000.0,Brazil,166300.0,256100.00000000003
471,xavi,472,Sports with a ball,9000000.0,Spain,428700.0,643000.0
472,anjimaxuofficially,473,Lifestyle,11500000.0,India,391100.0,499700.0
473,khabib_nurmagomedov,474,Fitness & Gym,33500000.0,Russia,119800.0,168600.0
474,jimmyfallon,475,ShowsHumor & Fun & Happiness,22400000.0,United States,201100.0,251000.0
475,gusttavolima,476,Music,43800000.0,Brazil,77100.0,129699.99999999999
476,julesleblanc,477,MusicShows,9700000.0,United States,404200.0,584600.0
477,ananyapanday,478,Cinema & Actors/actresses,23000000.0,India,207200.0,243100.0
478,nickyjam,479,Music,43400000.0,Colombia,109300.0,129600.0
479,travisbarker,480,Lifestyle,7600000.0,United States,521799.99999999994,738800.0
480,nikefootball,481,Sports with a ballClothing & Outfits,45200000.0,Brazil,79100.0,122200.0
481,juansguarnizo,482,,5900000.0,Mexico,873700.0,957200.0
482,thehughjackman,483,Cinema & Actors/actresses,30500000.0,United States,159100.0,180900.0
483,c.syresmith,484,Cinema & Actors/actressesLifestyle,19100000.0,United States,186600.0,288200.0
484,itsmarziapie,485,BeautyLifestyle,8300000.000000001,United States,574900.0,671600.0
485,jailyneojeda,486,ModelingLifestyle,14200000.0,United States,280500.0,387700.0
486,yooncy1,487,,4900000.0,South Korea,938500.0,1100000.0
487,gioewbank,488,Cinema & Actors/actressesModeling,28400000.0,Brazil,121200.0,192700.0
488,indiancricketteam,489,Sports with a ball,24600000.0,India,189900.0,221400.0
489,yugyeom,490,MusicArt/ArtistsCinema & Actors/actresses,11400000.0,Thailand,373000.0,482600.0
490,deiveleonardo,491,Literature & JournalismTrainers & Coaches,11700000.0,Brazil,255600.0,470900.0
491,urvashirautela,492,Cinema & Actors/actresses,53000000.0,India,85700.0,103000.0
492,aliiiiiiiikarimi8,493,Sports with a ball,9400000.0,Iran,390500.0,588000.0
493,fabriziorom,494,Literature & JournalismShows,8600000.0,Italy,368500.0,638000.0
494,sanchooo10,495,Sports with a ball,8600000.0,United Kingdom,362900.0,634000.0
495,joeyking,496,MusicCinema & Actors/actressesModeling,19000000.0,Brazil,195500.0,280300.0
496,nianaguerrero,497,MusicKids & Toys,14200000.0,Indonesia,297500.0,373300.0
497,hshq,498,MusicCinema & Actors/actressesFashion,6300000.0,United States,488200.0,859000.0
498,lacasadepapel,499,ShowsCinema & Actors/actresses,12800000.0,Brazil,274800.0,412700.0
499,fcbayern,500,Sports with a ball,33299999.999999996,Germany,109200.0,159400.0
500,choi_seung_hyun_tttop,501,,14300000.0,Indonesia,316600.0,374600.0
501,vousmevoyez,502,MusicCinema & Actors/actresses,10300000.0,Indonesia,393900.0,510700.0
502,pefabiodemelo,503,Lifestyle,25700000.0,Brazil,137500.0,207400.0
503,rahulkl,504,,12300000.0,India,366100.0,427100.0
504,donya,505,Fashion,15200000.0,Iran,231400.0,366400.0
505,sav.labrant,506,FamilyLifestyleShows,7100000.0,United States,556400.0,744300.0
506,abdevilliers17,507,Sports with a ballLifestyle,18400000.0,India,245300.0,283600.0
507,arishfakhan138,508,Cinema & Actors/actresses,29300000.0,India,145700.0,177900.0
508,liamhemsworth,509,Cinema & Actors/actresses,13100000.0,United States,275900.0,391800.0
509,iscoalarcon,510,Sports with a ball,24900000.0,Spain,142100.0,205900.0
510,jimin_bighitentertainment,511,,8800000.0,Indonesia,528200.0,585100.0
511,lucasranngel,512,Lifestyle,19800000.0,Brazil,116900.0,258700.0
512,dear.zia,513,Lifestyle,3700000.0,South Korea,1200000.0,1400000.0
513,hakkiakdenizz,514,Business & Careers,23500000.0,Russia,149100.0,215100.0
514,dra.deolanebezerra,515,Lifestyle,14400000.0,Brazil,164700.0,352900.0
515,jokowi,516,Finance & Economics,47400000.0,Indonesia,87300.0,107200.0
516,nusr_et,517,Food & Cooking,46900000.0,Turkey,73600.0,108600.0
517,fortnite,518,Computers & Gadgets,25900000.0,United States,165200.0,195400.0
518,loud_victor,519,LifestyleSports with a ball,10700000.0,Brazil,372200.0,474100.0
519,cvillaloboss,520,ShowsCinema & Actors/actresses,20100000.0,Colombia,204100.0,250700.0
520,dylansprouse,521,Cinema & Actors/actresses,9200000.0,United States,351000.0,551100.0
521,melissamelmaia,522,Music,12900000.0,Brazil,213200.0,386600.0
522,sofiaalcastro,523,ShowsCinema & Actors/actressesLifestyle,8800000.0,Colombia,424600.0,577900.0
523,litkillah,524,Music,7900000.0,Argentina,485700.0,640400.0
524,21savage,525,Music,13500000.0,United States,210600.0,370600.0
525,amitabhbachchan,526,Cinema & Actors/actresses,30700000.0,India,141400.0,162600.0
526,maya_hawke,527,Music,7300000.0,United States,501700.0,694600.0
527,tatawerneck,528,Cinema & Actors/actressesFamily,53600000.0,Brazil,58900.0,93300.0
528,viihtube,529,Cinema & Actors/actresses,23500000.0,Brazil,112100.0,210600.0
529,hm_son7,530,Sports with a ball,7400000.0,Brazil,417300.0,678800.0
530,davido,531,Music,24600000.0,Nigeria,148400.0,206500.0
531,leonardodicaprio,532,Cinema & Actors/actresses,54200000.0,United States,74300.0,91100.0
532,bernardokath,533,BeautyCinema & Actors/actressesFashion,17300000.0,Philippines,233700.0,282100.0
533,chloegmoretz,534,Cinema & Actors/actresses,21100000.0,United States,173900.0,232300.0
534,wizkidayo,535,Music,14900000.0,Nigeria,175200.0,340900.0
535,melo,536,Sports with a ball,9000000.0,United States,269700.0,548100.0
536,jimena.jimenezr,537,,5800000.0,Mexico,581100.0,839200.0
537,gessicakayane,538,ShowsHumor & Fun & Happiness,20000000.0,Brazil,117500.0,242600.0
538,andreavaldirisos,539,LifestyleBeauty,8600000.0,Colombia,400100.0,569100.0
539,joaogomescantor,540,FamilyMusic,12800000.0,Brazil,137600.0,377300.0
540,quavohuncho,541,Music,21400000.0,United States,135800.0,222600.0
541,travisbarker,542,Lifestyle,7600000.0,United States,446300.0,631500.0
542,caviarmagnat,543,,15100000.0,Russia,216800.0,313800.0
543,suga_bighitentertainment,544,Music,7600000.0,Indonesia,558500.0,630300.0
544,pablogavi,545,,4700000.0,,0.0,1000000.0
545,netflixbrasil,546,ShowsCinema & Actors/actresses,31800000.0,Brazil,87800.0,149400.0
546,ridwankamil,547,Literature & JournalismBusiness & CareersFinance & Economics,18400000.0,Indonesia,169000.0,257100.00000000003
547,beautifuldestinations,548,PhotographyTravel,24700000.0,United States,142100.0,190600.0
548,angelinajolie,549,Lifestyle,13200000.0,Brazil,216400.0,358500.0
549,corinnakopf,550,Beauty,6700000.0,United States,461900.0,707100.0
550,angelinajolie,551,Family,13200000.0,Brazil,216400.0,358300.0
551,asabopp,552,Cinema & Actors/actresses,5800000.0,Brazil,555700.0,812700.0
552,naileadevora,553,Shows,5200000.0,United States,613700.0,906700.0
553,lizakoshy,554,Cinema & Actors/actresses,20100000.0,United States,173400.0,231500.0
554,marimaria,555,Beauty,20100000.0,Brazil,119700.0,230500.0
555,ronaldo,556,Sports with a ball,23000000.0,Brazil,116600.0,201900.0
556,gisele,557,ModelingFashionLifestyle,19400000.0,Brazil,161700.0,240100.0
557,liverpoolfc,558,Sports with a ball,39500000.0,United Kingdom,82300.0,116700.0
558,nehasharmaofficial,559,Cinema & Actors/actresses,14600000.0,India,274000.0,315200.0
559,marcusrashford,560,Sports with a ball,12800000.0,United Kingdom,227900.0,360500.0
560,golfarahani,561,Cinema & Actors/actresses,13400000.0,Iran,266400.0,343300.0
561,fuckjerry,562,Humor & Fun & Happiness,16800000.0,United States,212200.0,274000.0
562,nazriyafahadh,563,Lifestyle,6100000.0,India,567200.0,759900.0
563,kyrieirving,564,Sports with a ball,16900000.0,United States,178900.0,271300.0
564,xsqueezie,565,MusicLifestyle,7900000.0,France,499400.0,584200.0
565,actorsuriya,566,Cinema & Actors/actresses,4900000.0,India,731700.0,949400.0
566,easportsfifa,567,Sports with a ball,26700000.0,Spain,100500.0,169500.0
567,nessabarrett,568,LifestyleMusic,7000000.0,United States,481000.0,651700.0
568,trentarnold66,569,Sports with a ball,7600000.0,United Kingdom,408400.0,598300.0
569,madisonbaileybabe,570,Lifestyle,6700000.0,United States,362400.0,678600.0
570,jackharlow,571,LifestyleMusic,6700000.0,United States,360700.0,673900.0
571,victoriajustice,572,MusicCinema & Actors/actressesModeling,22700000.0,United States,144700.0,196800.0
572,amauryguichon,573,Food & Cooking,9000000.0,United States,407200.0,497200.0
573,phoebejtonkin,574,BeautyCinema & Actors/actressesModeling,8400000.0,United States,373000.0,532600.0
574,vanessamorgan,575,MusicCinema & Actors/actresses,9500000.0,United States,330500.0,470700.0
575,smriti_mandhana,576,Sports with a ball,6200000.0,India,621300.0,720200.0
576,shreyaghoshal,577,Music,24400000.0,India,160200.0,180300.0
577,achrafhakimi,578,Sports with a ball,9900000.0,Morocco,304100.0,446800.0
578,aleoliveiracm,579,Humor & Fun & Happiness,8400000.0,Brazil,214900.0,549800.0
579,xuminghao_o,580,Music,4900000.0,Indonesia,721900.0,910300.0
580,nita_shilimkar,581,FashionModeling,11300000.0,India,289800.0,383000.0
581,jeromepolin,582,EducationHumor & Fun & Happiness,6900000.0,Indonesia,429800.0,630400.0
582,sound_of_coups,583,,3900000.0,Indonesia,863900.0,1100000.0
583,aishwaryaraibachchan_arb,584,Cinema & Actors/actresses,10400000.0,India,320200.0,408700.0
584,emiliamernes,585,Music,6000000.0,Argentina,379600.0,714300.0
585,geewonii,586,,7600000.0,Indonesia,428000.0,563400.0
586,markiplier,587,Shows,10400000.0,United States,355400.0,404700.0
587,jairmessiasbolsonaro,588,Finance & EconomicsBusiness & Careers,20200000.0,Brazil,151600.0,213100.0
588,loganpaul,589,Fitness & Gym,23300000.0,United States,135000.0,179700.0
589,klaythompson,590,Sports with a ballLifestyle,12900000.0,United States,223300.0,324200.0
590,malutrevejo,591,Music,11600000.0,United States,201400.0,361200.0
591,virgilvandijk,592,Sports with a ball,12300000.0,United Kingdom,238500.0,338600.0
592,frenkiedejong,593,Sports with a ball,10600000.0,Spain,262400.0,393900.0
593,karelyruiz,594,Lifestyle,6400000.0,Mexico,525700.0,660200.0
594,ciara,595,MusicModelingArt/Artists,32299999.999999996,United States,95700.0,129199.99999999999
595,joshu_acoustic,596,Music,4200000.0,,0.0,1000000.0
596,actorprabhas,597,,8600000.0,India,434200.0,486000.0
597,avani,598,BeautyLifestyle,18900000.0,United States,160800.0,216900.0
598,jensenackles,599,Cinema & Actors/actresses,9600000.0,United States,336900.0,438300.0
599,jaybnow.hr,600,Music,6900000.0,Brazil,463300.0,607300.0
600,jensenackles,601,Cinema & Actors/actresses,9600000.0,United States,336900.0,438300.0
601,jaybnow.hr,602,Music,6900000.0,Brazil,463300.0,607300.0
602,missasinfonia,603,Cinema & Actors/actresses,5400000.0,Mexico,688600.0,771800.0
603,mattyperry4,604,,7900000.0,Brazil,387200.0,528600.0
604,__youngbae__,605,Music,13400000.0,Indonesia,269600.0,304700.0
605,zoeisabellakravitz,606,Cinema & Actors/actresses,8500000.0,United States,318500.0,483300.0
606,premierleague,607,Sports with a ball,57900000.0,United Kingdom,47800.0,69800.0
607,catherinemcbroom,608,Family,7400000.0,United States,324500.0,558000.0
608,nehasharmaofficial,609,Cinema & Actors/actresses,14600000.0,India,240800.0,276200.0
609,ridwankamil,610,Literature & JournalismBusiness & CareersFinance & Economics,18300000.0,Indonesia,145400.0,220600.0
610,kit.connor,611,Cinema & Actors/actresses,4300000.0,United States,570100.0,944600.0
611,toni.kr8s,612,Sports with a ball,34200000.0,Germany,85800.0,117100.0
612,memezar,613,Cinema & Actors/actresses,23400000.0,United States,114900.0,171000.0
613,dew_jsu,614,Cinema & Actors/actresses,6100000.0,Indonesia,495500.0,666300.0
614,amadorat,615,FashionLifestyleBeauty,8199999.999999999,Mexico,434700.0,485500.0
615,urstrulymahesh,616,Cinema & Actors/actresses,8700000.0,India,419800.0,461900.0
616,xuminghao_o,617,Music,4800000.0,Indonesia,659900.0,832000.0
617,theslumpgod,618,Music,5400000.0,United States,428600.0,745400.0
618,tiffanyyoungofficial,619,ModelingFashion,12300000.0,Indonesia,255700.0,320300.0
619,juventus,620,Sports with a ball,54000000.0,India,48400.0,72300.0
620,iam_linyi,621,,3900000.0,Indonesia,768100.0,1000000.0
621,angeliqueboyer,622,ShowsCinema & Actors/actresses,14200000.0,Brazil,219500.0,275900.0
622,pozevidalouca,623,LifestylePhotography,7000000.0,Brazil,228500.0,574000.0
623,narins_beauty,624,Lifestyle,9000000.0,Syria,362000.0,442000.0
624,bhadbhabie,625,Music,16399999.999999998,United States,125700.0,236200.0
625,otabek_muhammadalievich,626,,20000000.0,Russia,144500.0,195200.0
626,sushitrash,627,Music,6300000.0,United States,511300.0,624900.0
627,djsnake,628,Music,9500000.0,India,345000.0,409900.0
628,kareenakapoorkhan,629,FamilyCinema & Actors/actresses,9400000.0,India,333600.0,415800.0
629,dindahw,630,Cinema & Actors/actresses,14500000.0,Indonesia,177000.0,264800.0
630,chrismcg,631,,10600000.0,United States,163700.0,360400.0
631,aslisona,632,Cinema & Actors/actressesLifestyle,23000000.0,India,137300.0,166800.0
632,f1,633,Racing Sports,19800000.0,Italy,150800.0,191700.0
633,davidalaba,634,Sports with a ball,10100000.0,Spain,264500.0,374900.0
634,haifawehbe,635,Music,10100000.0,Iraq,258500.0,378200.0
635,zo,636,Sports with a ball,14200000.0,United States,147900.0,267100.0
636,felipeneto,637,Lifestyle,16000000.0,Brazil,167800.0,237500.0
637,jaspritb1,638,Lifestyle,9800000.0,India,339200.0,390100.0
638,maudeapatow,639,LifestyleCinema & Actors/actresses,4900000.0,United States,471400.0,780400.0
639,taylor_hill,640,Art/ArtistsFashionModeling,19900000.0,United States,126900.0,189400.0
640,regejean,641,Cinema & Actors/actressesMusic,6300000.0,Brazil,380700.0,603300.0
641,anupamaparameswaran96,642,Cinema & Actors/actresses,12200000.0,India,267700.0,306700.0
642,vikkialchester,643,Music,11000000.0,Russia,279300.0,339900.0
643,simonettalein,644,BeautyCinema & Actors/actressesModeling,11500000.0,India,234200.0,322100.0
644,troyesivan,645,Art/ArtistsFashionMusic,13200000.0,United States,196200.0,282200.0
645,alvxaro,646,Lifestyle,9700000.0,Brazil,156200.0,391000.0
646,paulwalker,647,Cinema & Actors/actresses,15000000.0,India,179800.0,246700.0
647,amandacerny,648,Humor & Fun & Happiness,24000000.0,India,95800.0,153800.0
648,yamigautam,649,Cinema & Actors/actresses,16000000.0,India,198700.0,230100.0
649,candiceking,650,FamilyLifestyle,9900000.0,Brazil,269400.0,375700.0
650,snoopdogg,651,LifestyleMusic,74600000.0,United States,36900.0,49800.0
651,thiago6,652,Sports with a ball,9600000.0,United Kingdom,226400.0,389000.0
652,toni.kr8s,653,Sports with a ball,34300000.0,Germany,78400.0,106000.0
653,egorkreed,654,Music,14700000.0,Russia,202300.0,248900.0
654,amybethmcnulty,655,LifestyleCinema & Actors/actresses,7300000.0,Brazil,364100.0,499700.0
655,charles_leclerc,656,Racing Sports,8000000.0,Italy,347000.0,461100.0
656,avengers,657,Cinema & Actors/actresses,13500000.0,India,213900.0,268000.0
657,dbook,658,Sports with a ball,5400000.0,United States,349300.0,687000.0
658,l7nnon,659,LifestyleArt/Artists,8100000.0,Brazil,193500.0,460900.0
659,faz3,660,Lifestyle,14400000.0,United Arab Emirates,194800.0,256300.0
660,kentooyamazaki,661,Cinema & Actors/actresses,5000000.0,Japan,636600.0,740000.0
661,alishalehmann7,662,Sports with a ball,7800000.0,Brazil,248200.0,468800.0
662,yamigautam,663,Cinema & Actors/actresses,16000000.0,India,192200.0,223500.0
663,machinegunkelly,664,Music,9700000.0,United States,234000.0,376200.0
664,davikah,665,Modeling,16900000.0,Thailand,161600.0,210200.0
665,blythe,666,Cinema & Actors/actressesModelingLifestyle,13500000.0,Philippines,229700.0,261500.0
666,kingryan,667,Fitness & Gym,8900000.0,United States,267200.0,403600.0
667,sthefanematos,668,Lifestyle,9900000.0,Brazil,159300.0,365600.0
668,_agentgirl_,669,Shows,18600000.0,Russia,164400.0,189400.0
669,riyadmahrez26.7,670,Sports with a ball,9100000.0,Algeria,306800.0,395200.0
670,ler_chek,671,LifestyleBeauty,10400000.0,Russia,264000.0,342000.0
671,arthuraguiar,672,MusicCinema & Actors/actresses,13900000.0,Brazil,116900.0,270800.0
672,harshbeniwal,673,Humor & Fun & HappinessShowsCinema & Actors/actresses,5600000.0,India,488400.0,636000.0
673,youngdae0302,674,Music,4400000.0,Indonesia,607300.0,801600.0
674,sugaringcandy,675,,2500000.0,,0.0,1400000.0
675,casemiro,676,Sports with a ball,15900000.0,Spain,146600.0,219800.0
676,jojotodynho,677,Music,22500000.0,Brazil,96500.0,155300.0
677,srinidhi_shetty,678,,4200000.0,India,630500.0,849200.0
678,amin.hayai,679,,9000000.0,Iran,301500.0,396900.0
679,dylanminnette,680,MusicCinema & Actors/actresses,7400000.0,United States,292100.0,474800.0
680,djsnake,681,Music,9600000.0,India,308100.0,366200.0
681,aliandooo,682,MusicCinema & Actors/actresses,16700000.0,Indonesia,134800.0,215100.0
682,mclomaofficial,683,Music,8100000.0,Brazil,253100.0,433100.0
683,ewsbdi,684,,4500000.0,Indonesia,515200.00000000006,770100.0
684,pokimanelol,685,LifestyleShowsComputers & Gadgets,6100000.0,United States,430600.0,567000.0
685,emmaroberts,686,Cinema & Actors/actresses,18100000.0,United States,126700.0,187800.0
686,lucyhale,687,Cinema & Actors/actresses,24500000.0,United States,106300.0,139100.0
687,stebinben,688,MusicShows,10600000.0,India,260200.0,318900.0
688,juki_lop,689,ShowsFamily,9400000.0,Mexico,314500.0,365500.0
689,alfinetei,690,Humor & Fun & Happiness,21700000.0,Brazil,71100.0,160900.0
690,centralcee,691,LifestyleMusicSports with a ball,3700000.0,United Kingdom,382200.0,936000.0
691,syifahadjureal,692,Modeling,15400000.0,Indonesia,177600.0,219300.0
692,d_degeaofficial,693,Sports with a ball,13500000.0,United Kingdom,176100.0,248800.0
693,elmarianaa,694,Humor & Fun & Happiness,3800000.0,Mexico,607300.0,887800.0
694,calumhood,695,Music,7000000.0,United States,305900.0,490900.0
695,coolio_daryl,696,,5900000.0,,0.0,581300.0
696,willyrex,697,Shows,8700000.0,Spain,330300.0,392100.0
697,liltjay,698,LifestyleMusic,7400000.0,United States,251600.0,464500.0
698,floydmayweather,699,Fitness & Gym,28400000.0,United States,66900.0,118100.0
699,georgenotfound,700,,3000000.0,United States,1000000.0,1100000.0
700,onwardwanna,701,LifestyleCinema & Actors/actresses,5600000.0,United States,364700.0,608300.0
701,milad_khahhh,702,Lifestyle,6500000.0,Iran,379900.0,541000.0
702,angela_aguilar_,703,Lifestyle,8700000.0,Mexico,316900.0,383600.0
703,kaliuchis,704,Music,3900000.0,United States,491700.0,848700.0
704,joaoguilherme,705,MusicCinema & Actors/actressesLifestyle,16100000.000000002,Brazil,105800.0,205500.0
705,harshbeniwal,706,Humor & Fun & HappinessShowsCinema & Actors/actresses,5600000.0,India,461700.0,601000.0
706,salmahayek,707,Cinema & Actors/actresses,21500000.0,United States,123900.0,152500.0
707,rezagolzar,708,Cinema & Actors/actresses,12200000.0,Iran,190900.0,280700.0
708,acunilicali,709,Cinema & Actors/actresses,13700000.0,Turkey,198600.0,245400.0
709,lacikaysomers,710,MusicModelingArt/Artists,12200000.0,United States,158600.0,272300.0
710,karna.val,711,Lifestyle,7300000.0,Russia,385100.0,449200.0
711,arsenal,712,Sports with a ball,22200000.0,United Kingdom,97300.0,146000.0
712,anas,713,FamilyShows,5700000.0,,0.0,577700.0
713,saipallavi.senthamarai,714,,5900000.0,India,481100.0,551900.0
714,nct_dream,715,,10200000.0,Indonesia,280800.0,312500.0
715,violets.tv,716,Adult content,13900000.0,Italy,171700.0,236000.0
716,tohi,717,Lifestyle,12000000.0,Iran,188400.0,275200.0
717,rodridepaul,718,Sports with a ball,4800000.0,Argentina,372700.0,675700.0
718,maneskinofficial,719,Lifestyle,6100000.0,Italy,374400.0,528400.0
719,wanda_nara,720,Lifestyle,13600000.0,Argentina,165200.0,233300.0
720,perspolis,721,Sports with a ball,8100000.0,Iran,281200.0,400100.0
721,grisha_eric,722,,12400000.0,Turkey,174800.0,252100.0
722,miamalkova,723,Cinema & Actors/actresses,11000000.0,India,211900.0,287600.0
723,nba,724,Sports with a ball,69000000.0,United States,29900.0,45300.0
724,gima_ashi,725,Lifestyle,14600000.0,India,157300.0,214400.0
725,burcuozberk,726,Cinema & Actors/actresses,9300000.0,Turkey,263700.0,341700.0
726,everyone_woo,727,,2900000.0,Indonesia,835000.0,1100000.0
727,egupta,728,LifestyleModeling,8700000.0,India,286400.0,359100.0
728,jennifer.garner,729,Cinema & Actors/actresses,13300000.0,United States,202700.0,229300.0
729,normani,730,Lifestyle,7300000.0,United States,271100.0,423600.0
730,03_hu,731,Lifestyle,4200000.0,South Korea,600100.0,736100.0
731,mrancelotti,732,Sports with a ball,8400000.0,Italy,234700.0,366000.0
732,jorgelopez_as,733,Cinema & Actors/actresses,9600000.0,Brazil,194000.0,318500.0
733,huddy,734,LifestyleArt/Artists,11700000.0,United States,186100.0,256899.99999999997
734,kenzie,735,Art/Artists,14900000.0,United States,132300.0,201400.0
735,f1,736,Racing Sports,19900000.0,Italy,119900.0,150800.0
736,staskaranikolaou,737,Lifestyle,11100000.0,United States,184600.0,271400.0
737,saharghoreyshiofficialpage,738,Lifestyle,11600000.0,Iran,179700.0,262000.0
738,beberexha,739,MusicLifestyle,10800000.0,India,188500.0,279200.0
739,dqsalmaan,740,Cinema & Actors/actresses,10600000.0,India,208600.0,282500.0
740,soyneiva,741,Adult content,11900000.0,Brazil,188400.0,252200.0
741,tamannaahspeaks,742,MusicCinema & Actors/actresses,17200000.0,India,148100.0,172800.0
742,dava_m,743,Business & Careers,13600000.0,Russia,170900.0,220900.0
743,nodal,744,Music,9400000.0,Mexico,220700.0,324800.0
744,vanessabryant,745,Sports with a ballLifestyleKids & Toys,15600000.0,United States,144600.0,189300.0
745,littlemix,746,Music,16000000.0,Brazil,137900.0,186400.0
746,issavegas,747,Fitness & Gym,9100000.0,Mexico,281700.0,330800.0
747,iqbaal.e,748,Cinema & Actors/actresses,13500000.0,Indonesia,127700.0,220000.0
748,fadiljaidi,749,Lifestyle,7700000.0,Indonesia,259500.0,389500.0
749,briandadeyanara,750,,13000000.0,Mexico,192500.0,226600.0
750,avrillavigne,751,MusicCinema & Actors/actressesFashion,11400000.0,Brazil,207300.0,257700.0
751,rafaelnadal,752,Sports with a ball,15600000.0,Spain,151100.0,188800.0
752,dearra,753,Lifestyle,6300000.0,United States,192200.0,478500.0
753,courteneycoxofficial,754,Cinema & Actors/actresses,12200000.0,India,180900.0,239400.0
754,superm,755,ShowsMusic,5200000.0,Indonesia,502200.0,570400.0
755,tamerhosny,756,MusicCinema & Actors/actresses,22700000.0,Egypt,105000.0,129100.0
756,valentinazenere,757,ModelingLifestyle,10000000.0,Brazil,238500.0,290300.0
757,maddieziegler,758,Cinema & Actors/actressesModeling,13900000.0,United States,139100.0,208100.0
758,canelo,759,Fitness & Gym,13400000.0,Mexico,154500.0,215700.0
759,vernonline,760,,4099999.9999999995,,0.0,719400.0
760,veradijkmans,761,Adult content,5400000.0,United States,391800.0,550700.0
761,willevy,762,ShowsCinema & Actors/actressesModeling,10600000.0,Brazil,204300.0,275500.0
762,natalee.007,763,ModelingMusic,7000000.0,United States,328000.0,419600.0
763,indiaroyale,764,Lifestyle,4300000.0,United States,232100.0,687700.0
764,sebastianyatra,765,MusicArt/Artists,29700000.0,Argentina,70600.0,97600.0
765,yefersoncossio,766,Lifestyle,9500000.0,Colombia,213200.0,313000.0
766,nabilla,767,Beauty,7700000.0,France,275000.0,378600.0
767,andresiniesta8,768,Sports with a ball,39700000.0,Spain,49400.0,72200.0
768,spacex,769,ScienceMachinery & Technologies,15000000.0,United States,157900.0,191700.0
769,letthelordbewithyou,770,LifestyleFamily,27300000.0,United States,68800.0,105100.0
770,soueunavida,771,Humor & Fun & Happiness,18100000.0,Brazil,84200.0,159800.0
771,tiagopzk,772,Music,5100000.0,Argentina,249900.0,570300.0
772,la_beaute_africaine,773,Photography,1600000.0,Senegal,919900.0,1900000.0
773,alvaromorata,774,Sports with a ballLiterature & Journalism,17400000.0,Italy,105700.0,164100.0
774,ansufati,775,Sports with a ball,8700000.0,Spain,217800.0,330300.0
775,joelocke03,776,Cinema & Actors/actressesMusic,3100000.0,United States,0.0,918600.0
776,dagelan,777,Humor & Fun & Happiness,20900000.0,Indonesia,80800.0,137600.0
777,bumkeyk,778,Music,9200000.0,Indonesia,259100.00000000003,310400.0
778,tombrady,779,Sports with a ball,12500000.0,United States,123000.0,227900.0
779,streetartglobe,780,Art/Artists,17000000.0,United States,123000.0,166800.0
780,nobru,781,Machinery & TechnologiesComputers & Gadgets,13500000.0,Brazil,145300.0,211900.0
781,philfoden,782,Sports with a ball,5000000.0,United Kingdom,326200.0,571500.0
782,brycehall,783,Music,7300000.0,United States,304600.0,390700.0
783,kaka,784,Sports with a ball,18700000.0,Brazil,91000.0,148400.0
784,adidasfootball,785,Sports with a ball,31500000.0,Brazil,64800.0,88100.0
785,asala,786,Shows,6900000.0,United Arab Emirates,0.0,408600.0
786,theamitbhadana,787,Shows,8400000.0,India,277600.0,342800.0
787,yg_treasure_official,788,Music,5400000.0,Indonesia,408900.0,522600.0
788,brfootball,789,Sports with a ball,12400000.0,United States,137900.0,222500.0
789,jenna_chew,790,Fitness & Gym,6700000.0,United States,344900.0,421400.0
790,cocielo,791,Cinema & Actors/actresses,18700000.0,Brazil,94500.0,147700.0
791,hyeri_0609,792,Music,7300000.0,South Korea,320100.0,385700.0
792,netflix,793,Cinema & Actors/actressesShows,30400000.0,Brazil,55800.0,90500.0
793,sagar_pop02,794,Lifestyle,7500000.0,India,237700.0,373900.0
794,skaijackson,795,LifestyleBeauty,8000000.0,United States,198400.0,350500.0
795,dejesusoficial,796,Sports with a ball,17500000.0,Brazil,101600.0,156800.0
796,kawtarbamo,797,Cinema & Actors/actresses,7400000.0,Morocco,277000.0,375300.0
797,roddyricch,798,Lifestyle,6900000.0,United States,210500.0,404200.0
798,barackobama,799,Finance & EconomicsBusiness & CareersFamily,35400000.0,United States,66700.0,77500.0
799,dhanushkraja,800,Cinema & Actors/actresses,4400000.0,India,489700.0,634400.0
800,bowerjamie,801,Cinema & Actors/actresses,3800000.0,Italy,547200.0,730000.0
801,galatasaray,802,Sports with a ball,11500000.0,Turkey,195700.0,236400.0
802,tomhardy,803,LifestyleCinema & Actors/actressesModeling,8700000.0,Iran,252600.0,313500.0
803,pooorblack,804,,4600000.0,Iran,472800.0,611600.0
804,tejasswiprakash,805,Beauty,6100000.0,India,396100.0,491800.0
805,larray,806,LifestyleModelingFashion,6800000.0,United States,277600.0,406400.0
806,princessyahrini,807,Music,39600000.0,Indonesia,51400.0,68000.0
807,celestinegonzaga,808,Music,7600000.0,Philippines,323200.0,360600.0
808,nicolebahls,809,Modeling,18300000.0,Brazil,83800.0,148800.0
809,noahbeck,810,Sports with a ball,9200000.0,United States,180600.0,298300.0
810,jordialbaoficial,811,Sports with a ball,14500000.0,Spain,128600.0,185500.0
811,teyanataylor,812,Music,15200000.0,United States,104200.0,177100.0
812,residente,813,Music,8800000.0,Colombia,202800.0,314700.0
813,sivakarthikeyan,814,,5100000.0,India,456000.0,537100.0
814,wolfiecindy,815,ModelingLifestyle,7100000.0,United States,230500.0,383300.0
815,canelo,816,Fitness & Gym,13400000.0,Mexico,143100.0,198800.0
816,juliopfernandez,817,,3500000.0,Brazil,618100.0,786300.0
817,urassayas,818,Cinema & Actors/actressesModelingFashion,11800000.0,Thailand,185500.0,226500.0
818,loud_babi,819,Lifestyle,9100000.0,Brazil,186400.0,300500.0
819,aurelie.hermansyah,820,Beauty,26600000.0,Indonesia,80200.0,100800.0
820,watanabenaomi703,821,Cinema & Actors/actressesHumor & Fun & HappinessModeling,9900000.0,Japan,257200.0,273900.0
821,sandrinna_11,822,Lifestyle,10700000.0,Indonesia,193900.0,247600.0
822,irinashayk,823,Modeling,18800000.0,Russia,102100.0,140800.0
823,pledis_boos,824,Music,4099999.9999999995,Indonesia,540200.0,654900.0
824,jessicajane99,825,Lifestyle,6000000.0,Indonesia,340900.0,449400.0
825,soydannyalfaro,826,Beauty,8100000.0,Mexico,289900.0,331600.0
826,wdohwan,827,Cinema & Actors/actresses,4500000.0,Indonesia,452200.0,599200.0
827,albafloresoficial,828,Cinema & Actors/actresses,11700000.0,Spain,167300.0,225400.0
828,borodylia,829,ShowsFamily,18400000.0,Russia,116700.0,143400.0
829,markruffalo,830,Cinema & Actors/actresses,20900000.0,Brazil,100000.0,127300.0
830,adinross,831,,3000000.0,United States,509000.0,1000000.0
831,anwar,832,Shows,10300000.0,United States,173700.0,256000.0
832,iampauloandre,833,Lifestyle,10000000.0,Brazil,76900.0,270300.0
833,mirandacosgrove,834,MusicCinema & Actors/actressesLifestyle,9900000.0,Brazil,172600.0,269200.0
834,nikitadragun,835,BeautyModelingAdult content,9000000.0,United States,193500.0,295700.0
835,alexis_officia1,836,Sports with a ball,14100000.0,Chile,113000.0,186300.0
836,sophiedee,837,Adult content,12300000.0,United States,160800.0,214200.0
837,arsenal,838,Sports with a ball,22200000.0,United Kingdom,78200.0,117700.0
838,marcoasensio10,839,Sports with a ball,14500000.0,Spain,116500.0,178900.0
839,elliotpage,840,,6100000.0,United States,299700.0,431500.0
840,theellenshow,841,ShowsCinema & Actors/actresses,123700000.0,United States,20600.0,21100.0
841,dudewithsign,842,,8100000.0,United States,204900.0,323200.0
842,jamorant,843,LifestyleSports with a ball,7400000.0,United States,218900.0,353700.0
843,josephquinn,844,,2500000.0,,0.0,1100000.0
844,saythename_17,845,Music,9600000.0,Indonesia,240100.0,269600.0
845,ludmilla,846,Music,27400000.0,Brazil,64700.0,95800.0
846,nidhhiagerwal,847,LifestyleModelingCinema & Actors/actresses,24300000.0,India,87300.0,105700.0
847,anirudhofficial,848,LifestyleMusic,6000000.0,India,342500.0,433600.0
848,kto_takaya,849,Family,7000000.0,Russia,303500.0,374400.0
849,you_r_love,850,,5500000.0,Indonesia,364200.0,465300.0
850,dudewithsign,851,,8100000.0,United States,204300.0,322400.0
851,saythename_17,852,Music,9600000.0,Indonesia,240100.0,269600.0
852,ludmilla,853,Music,27400000.0,Brazil,64700.0,95800.0
853,nidhhiagerwal,854,LifestyleModelingCinema & Actors/actresses,24300000.0,India,87300.0,105700.0
854,anirudhofficial,855,LifestyleMusic,6000000.0,India,342500.0,433600.0
855,kto_takaya,856,Family,7000000.0,Russia,303500.0,374400.0
856,you_r_love,857,,5500000.0,Indonesia,364200.0,465300.0
857,kikakim,858,Lifestyle,6900000.0,Kazakhstan,279900.0,370600.0
858,chelseafc,859,Sports with a ball,34800000.0,Indonesia,48900.0,72700.0
859,luara,860,Music,15900000.0,Brazil,95900.0,158300.0
860,filiperet,861,Lifestyle,6800000.0,Brazil,147900.0,379400.0
861,subo_m,862,Shows,9800000.0,Russia,213800.0,262400.0
862,rogerfederer,863,Sports with a ball,9600000.0,Spain,205300.0,265400.0
863,belindapop,864,Music,15500000.0,Mexico,113600.0,162800.0
864,miketyson,865,Fitness & Gym,19000000.0,United States,102000.0,131200.0
865,sonu_sood,866,Cinema & Actors/actresses,14400000.0,India,151500.0,172800.0
866,sinavaliollah,867,Shows,7300000.0,Iran,277100.0,350100.0
867,jamorant,868,LifestyleSports with a ball,7300000.0,United States,212000.0,342500.0
868,priyankaamohanofficial,869,LifestyleCinema & Actors/actresses,3200000.0,India,677000.0,777000.0
869,massafera,870,Cinema & Actors/actressesLifestyle,25300000.0,Brazil,67200.0,97800.0
870,bleacherreport,871,Sports with a ball,19300000.0,United States,64800.0,128400.0
871,lizzobeeating,872,MusicLifestyle,12700000.0,United States,137900.0,193200.0
872,raashiikhanna,873,Cinema & Actors/actressesMusic,8500000.0,India,246400.0,293800.0
873,toniruediger,874,Sports with a ball,4000000.0,United Kingdom,414400.0,622500.0
874,fernandasouzaoficial,875,MusicCinema & Actors/actresses,22000000.0,Brazil,81100.0,111600.0
875,fedeevalverde,876,Sports with a ball,6300000.0,Spain,278800.0,395000.0
876,pledis_boos,877,Music,4099999.9999999995,Indonesia,501500.0,608300.0
877,mohanshakti,878,Art/ArtistsCinema & Actors/actresses,16200000.0,India,124300.0,150000.0
878,gabigol,879,Sports with a ball,9900000.0,Brazil,167000.0,252500.0
879,rebelwilson,880,Cinema & Actors/actresses,11300000.0,United States,185800.0,214400.0
880,aidanrgallagher,881,Music,7500000.0,Mexico,272400.0,328000.0
881,friends,882,Shows,11900000.0,Brazil,161500.0,202800.0
882,iamyanetgarcia,883,Cinema & Actors/actressesModelingFashion,14800000.0,Mexico,128199.99999999999,163000.0
883,vanessalopesr_,884,Music,11700000.0,Brazil,63100.0,205300.0
884,funnymike,885,Art/Artists,8000000.0,United States,174700.0,309200.0
885,ahmedabohashima,886,Business & CareersFinance & Economics,15700000.0,Egypt,112800.0,152600.0
886,min.nicha,887,Lifestyle,3700000.0,Thailand,473200.0,646400.0
887,39saku_chan,888,Cinema & Actors/actresses,3600000.0,Indonesia,542900.0,669300.0
888,bclsinclair,889,Music,21000000.0,Indonesia,71900.0,113600.0
889,humansofny,890,LifestylePhotography,12100000.0,United States,167200.0,197800.0
890,dk_is_dokyeom,891,,3000000.0,Iran,674800.0,813200.0
891,mariapedraza_,892,Cinema & Actors/actresses,12000000.0,Spain,150100.0,198000.0
892,ms.sethii,893,,6500000.0,United States,248900.0,376600.0
893,nazormaya,894,LifestylePhotography,3500000.0,Mexico,459200.0,679700.0
894,galatasaray,895,Sports with a ball,11500000.0,Turkey,171700.0,207500.0
895,arashi_5_official,896,Music,4400000.0,Japan,536800.0,559800.0
896,francinyehlke,897,Beauty,15400000.0,Brazil,70700.0,154400.0
897,lucianohuck,898,Shows,20400000.0,Brazil,93100.0,117400.0
898,xbox,899,Computers & GadgetsMachinery & Technologies,12800000.0,United States,151700.0,185400.0
899,jadenhossler,900,Music,4600000.0,United States,336500.0,518900.0
900,leighannepinnock,901,Music,9000000.0,Brazil,184400.0,262500.0
901,alexisren,902,Lifestyle,16600000.000000002,United States,89600.0,139800.0
902,i_nivethathomas,903,Cinema & Actors/actresses,6100000.0,India,338000.0,382500.0
903,streetartglobe,904,Art/Artists,16900000.0,United States,100200.0,136800.0
904,tontawan,905,Lifestyle,3700000.0,Thailand,481500.0,633300.0
905,serenayss,906,Cinema & Actors/actressesModelingFashion,9400000.0,Turkey,194800.0,249600.0
906,alexadellanos,907,Lifestyle,9400000.0,United States,158200.0,247400.0
907,gildovigor,908,FamilyLifestyleCinema & Actors/actresses,15100000.0,Brazil,113600.0,160700.0
908,dance_malyshka_offi,909,Art/Artists,3500000.0,Russia,528500.0,676700.0
909,oprah,910,Art/ArtistsCinema & Actors/actressesShows,21300000.0,United States,91300.0,108300.0
910,jadethirlwall,911,MusicArt/Artists,9300000.0,United States,190300.0,249100.0
911,mterstegen1,912,Sports with a ball,13500000.0,Spain,111700.0,168100.0
912,madonna,913,Music,18400000.0,Italy,83700.0,125600.0
913,karrrambaby,914,Lifestyle,4000000.0,Russia,520500.0,577400.0
914,sincerooficial,915,Humor & Fun & Happiness,21500000.0,Brazil,54600.0,105300.0
915,coldplay,916,Music,16600000.000000002,Brazil,98200.0,136700.0
916,tommyinnit,917,Lifestyle,3500000.0,France,586800.0,662400.0
917,vicdeangelis,918,Lifestyle,3700000.0,Italy,417900.0,619600.0
918,kaylanicolejones,919,Shows,7500000.0,United States,144500.0,305900.0
919,mahnaz_afshar,920,Cinema & Actors/actressesLifestyle,16300000.0,Iran,101300.0,139000.0
920,eda.ece,921,LifestyleCinema & Actors/actresses,6500000.0,Turkey,283800.0,349300.0
921,ateez_official_,922,,6800000.0,United States,293800.0,337800.0
922,wizkhalifa,923,MusicArt/Artists,38400000.0,India,41300.0,58500.0
923,dean.schneider,924,Animals,10100000.0,India,173100.0,222000.0
924,hazalkaya,925,Cinema & Actors/actressesLifestyle,7200000.0,Turkey,266800.0,316100.0
925,sooyoungchoi,926,BeautyLifestyleFashion,7100000.0,Indonesia,264100.0,318800.0
926,therealjosephmorgan,927,Cinema & Actors/actressesLifestyle,8000000.0,Brazil,226800.0,284300.0
927,isaias,928,Shows,9200000.0,Brazil,75300.0,248000.0
928,rossbutler,929,Cinema & Actors/actresses,10400000.0,United States,152600.0,213400.0
929,jackblack,930,Cinema & Actors/actresses,8800000.0,United States,196600.0,256700.0
930,tammyhembrow,931,Fitness & Gym,15300000.0,United States,76800.0,145000.0
931,themermaidscales,932,Fashion,6600000.0,India,274000.0,338000.0
932,dababy,933,Music,21200000.0,United States,65300.0,105900.0
933,theshilpashetty,934,Cinema & Actors/actresses,26000000.0,India,74100.0,85300.0
934,adamsandler,935,Cinema & Actors/actresses,13400000.0,United States,130500.0,166600.0
935,elcinsangu,936,Cinema & Actors/actressesLifestyle,8500000.0,Turkey,220000.0,264700.0
936,kashikakapoor09,937,,8100000.0,Indonesia,258500.0,278400.0
937,jessica.syj,938,ModelingBeauty,10700000.0,Indonesia,168800.0,206100.0
938,esbilgic,939,LifestyleModeling,7000000.0,India,252400.0,321200.0
939,imcryansp,940,,4000000.0,Brazil,236100.0,561700.0
940,acunilicali,941,Cinema & Actors/actresses,13700000.0,Turkey,134300.0,168300.0
941,canyaman,942,Cinema & Actors/actressesModeling,9800000.0,Italy,185800.0,230900.0
942,eilirjani,943,Lifestyle,10300000.0,Albania,147500.0,212900.0
943,jeremyrenner,944,ShowsCinema & Actors/actresses,17800000.0,United States,102800.0,123400.0
944,felicyangelista_,945,Family,21500000.0,Indonesia,73600.0,101400.0
945,grefg_official,946,Computers & GadgetsMachinery & Technologies,7400000.0,Spain,247300.0,297800.0
946,cole.labrant,947,LifestyleFashion,5100000.0,United States,310900.0,438100.0
947,e_milygarcia,948,Cinema & Actors/actresses,11200000.0,Brazil,119200.0,197200.0
948,jharden13,949,Sports with a ball,11600000.0,United States,109800.0,188400.0
949,samsmith,950,MusicFashion,14600000.0,United States,102000.0,149300.0
950,kashikakapoor09,951,BeautyCinema & Actors/actresses,8100000.0,Indonesia,253900.0,273900.0
951,ncentineo,952,Cinema & Actors/actresses,16800000.0,Brazil,77800.0,129199.99999999999
952,valeyellow46,953,Racing Sports,13900000.0,Indonesia,119300.0,155900.0
953,pharrell,954,Music,13900000.0,United States,109300.0,155900.0
954,joshrichards,955,ShowsModeling,6900000.0,United States,225800.0,316700.0
955,rubyrose,956,Modeling,19700000.0,United States,82500.0,109700.0
956,sabinahidalgo,957,LifestyleMusicArt/Artists,4700000.0,Brazil,399600.0,479500.0
957,hitocaesar,958,Lifestyle,13600000.0,Indonesia,112900.0,159000.0
958,romeestrijd,959,Modeling,7700000.0,United States,190200.0,283900.0
959,wikkiofficial,960,Humor & Fun & HappinessCinema & Actors/actresses,2600000.0,India,675100.0,840600.0
960,apple,961,Computers & GadgetsPhotography,27800000.0,India,57900.0,77300.0
961,divyankatripathidahiya,962,ShowsCinema & Actors/actresses,20400000.0,India,92000.0,105900.0
962,hadise,963,MusicShows,13800000.0,Turkey,133200.0,155500.0
963,realhinakhan,964,Cinema & Actors/actresses,17200000.0,India,102100.0,125300.0
964,krithi.shetty_official,965,BeautyHumor & Fun & HappinessCinema & Actors/actresses,3500000.0,India,527900.0,624400.0
965,dorra_zarrouk,966,Cinema & Actors/actressesFashion,15800000.0,Egypt,100500.0,134500.0
966,roberto_firmino,967,Sports with a ball,13600000.0,Brazil,104700.0,156100.0
967,alvaromorte,968,Cinema & Actors/actresses,12200000.0,India,126800.0,173700.0
968,wilbursoot,969,Music,3100000.0,United States,539900.0,692200.0
969,warriors,970,LifestyleSports with a ball,24800000.0,United States,60900.0,85500.0
970,jacksepticeye,971,Computers & GadgetsMachinery & Technologies,7900000.0,United States,233500.0,271000.0
971,hank_says_hank,972,,3200000.0,South Korea,566700.0,665100.0
972,bypamella,973,Shows,9800000.0,Brazil,127800.0,218900.0
973,raashiikhanna,974,Cinema & Actors/actressesMusic,8500000.0,India,211600.0,252100.0
974,pandorakaaki,975,Adult content,7300000.0,United States,214200.0,295200.0
975,jenniferwinget1,976,Cinema & Actors/actresses,13100000.0,India,131100.0,160200.0
976,nadine.nassib.njeim,977,Cinema & Actors/actressesModeling,15000000.0,Iraq,98800.0,140400.0
977,shahinsamadpoor,978,Literature & JournalismCinema & Actors/actresses,4500000.0,Iran,365300.0,481400.0
978,julienco_,979,LifestyleFamily,6300000.0,Germany,273400.0,337500.0
979,allusnehareddy,980,,8199999.999999999,India,220700.0,256100.00000000003
980,voguemagazine,981,Literature & JournalismFashion,39600000.0,United States,34200.0,52500.0
981,ho5hi_kwon,982,,3000000.0,Indonesia,547000.0,712100.0
982,melissabenoist,983,FamilyCinema & Actors/actresses,4800000.0,United States,324700.0,439500.0
983,barstoolsports,984,Lifestyle,13900000.0,United States,98200.0,148200.0
984,piyanka_mongia,985,Humor & Fun & HappinessLifestyleBeauty,8800000.0,India,191500.0,240400.0
985,5sos,986,Music,10100000.0,United States,147400.0,203600.0
986,jxxvvxxk,987,,3400000.0,Indonesia,489800.0,614300.0
987,lynaritaa,988,Lifestyle,9000000.0,United States,176700.0,234100.0
988,tomo.y9,989,MusicArt/Artists,5000000.0,Japan,393600.0,422000.0
989,wayvofficial,990,Music,7300000.0,Indonesia,238200.0,283700.0
990,supremo_dp,991,Music,5000000.0,Philippines,337900.0,416300.0
991,jaredleto,992,MusicCinema & Actors/actresses,10900000.0,United States,149900.0,188500.0
992,thariqhalilintar,993,Shows,7400000.0,Indonesia,225600.0,279500.0
993,ferozekhan,994,LifestyleModeling,6600000.0,Pakistan,267400.0,315800.0
994,garciajoshuae,995,Modeling,5000000.0,Philippines,357500.0,412100.0
995,nimratkhairaofficial,996,Music,8000000.0,India,211100.0,261800.0
996,hanhyojoo222,997,TravelCinema & Actors/actresses,4000000.0,Indonesia,434200.0,518200.00000000006
997,memphisdepay,998,Sports with a ball,15000000.0,France,76400.0,135500.0
998,arminzareeiofficial,999,,9800000.0,Iran,135400.0,214000.0
999,noorstars,1000,Shows,13000000.0,Iraq,117600.0,157600.0
